{
    "name": "MPU9250", 
    "keywords": [
        "i2c", 
        "wire", 
        "imu"
    ], 
    "description": "Arduino library for MPU9250 Nine-Axis (Gyro + Accelerometer + Compass) MEMS MotionTracking\u2122 Device", 
    "repository": {
        "type": "git", 
        "url": "https://github.com/hideakitai/MPU9250.git"
    }, 
    "authors": [
        {
            "email": null, 
            "url": "https://github.com/hideakitai", 
            "maintainer": true, 
            "name": "Hideaki Tai"
        }
    ], 
    "version": "0.1.1", 
    "license": "MIT", 
    "frameworks": [
        "arduino"
    ], 
    "platforms": [
        "atmelavr", 
        "atmelsam", 
        "espressif32", 
        "espressif8266", 
        "intel_arc32", 
        "microchippic32", 
        "nordicnrf51", 
        "nordicnrf52", 
        "ststm32", 
        "ststm8", 
        "teensy", 
        "timsp430"
    ], 
    "id": 5639
}